case,kind,payoff,strikeBps,replications,ordinaryMean,pairedMean,ordinaryVariance,pairedVariance,varianceRatio,varianceRatioCI95,ordinaryGas,pairedGas,varianceTimesGasGain,ordinaryReportedSeRms,pairedReportedSeRms,ordinarySpreadOverReported,pairedSpreadOverReported,pairedMinusOrdinaryMean,differenceSe,meanDifferenceZ,ordinaryZeroSeCount,pairedZeroSeCount,sourceSha256
AMD,recorded feed,call,9800,256,11.810278969729104,11.836249854199316,0.6824427264874908,0.07489465144783454,9.112035549865992,"[6.878909683894153, 12.179907002398634]",37630568,26205376,13.084760675734994,0.7818959167965448,0.279104092135864,1.0565356591751622,0.9805261893769459,0.025970884470213444,0.051654919927602565,0.5027765894635629,0,0,cbc349a567602b5f84dbe496fabbf2e1be8ada016fc539ea620441ff1d4f73d2
AMD,recorded feed,call,10000,256,3.7384081042091704,3.7328600740441225,0.3020300623595403,0.18705299074309445,1.614676467666639,"[1.24051094517046, 2.105438930110411]",37630568,26205376,2.3186537225998687,0.5467343095363112,0.43566262460697497,1.0051913851517875,0.9927320078161327,-0.005548030165048193,0.03580785102163628,-0.1549389311772966,0,0,cbc349a567602b5f84dbe496fabbf2e1be8ada016fc539ea620441ff1d4f73d2
AMD,recorded feed,call,10200,256,0.7137797283511536,0.7010873891448828,0.08120261350104133,0.07297237971280114,1.1127856021775921,"[0.8292800136215914, 1.4943745152365973]",37630568,26205376,1.5979451801097924,0.2810097375447964,0.27674767912083653,1.0140599582905898,0.9761021451376753,-0.012692339206270886,0.01880769612211878,-0.6748481644885823,0,0,cbc349a567602b5f84dbe496fabbf2e1be8ada016fc539ea620441ff1d4f73d2
AMD,recorded feed,put,9800,256,0.6805384918443418,0.6515558955482375,0.08899901444400657,0.05929090750821985,1.5010567080908335,"[1.0524650929335968, 2.163840023471084]",37630568,26205376,2.1554972737528457,0.2854796581101564,0.25107777588256297,1.0450027437269855,0.9698080304871525,-0.028982596296104425,0.01852270222917797,-1.5647067008640596,0,0,cbc349a567602b5f84dbe496fabbf2e1be8ada016fc539ea620441ff1d4f73d2
AMD,recorded feed,put,10000,256,3.7971566263244094,3.736655115393044,0.3534124109262966,0.1664893297088156,2.1227330997392047,"[1.6752831071606231, 2.697722490249776]",37630568,26205376,3.0482162230981507,0.545779566388637,0.4110277632922323,1.0892401126670173,0.9927091952642,-0.060501510931365944,0.03545491952484244,-1.706434868339609,0,0,cbc349a567602b5f84dbe496fabbf2e1be8ada016fc539ea620441ff1d4f73d2
AMD,recorded feed,put,10200,256,11.96101725046639,11.893371430493804,0.6743108356693931,0.05791969604181706,11.642168066326725,"[8.87851657387472, 15.328952921897677]",37630568,26205376,16.71799698990529,0.7785508537509067,0.24942829414440662,1.054734335128349,0.9648669275234943,-0.06764581997258881,0.05164911519192673,-1.3097188542575948,0,0,cbc349a567602b5f84dbe496fabbf2e1be8ada016fc539ea620441ff1d4f73d2
INTC,recorded feed,call,9800,256,2.3766964011804603,2.3806050544316255,0.034713728029172226,0.00515635571409961,6.732221350488007,"[5.2297268943308675, 8.829844600296529]",37862783,26436729,9.64191281385433,0.1766082645589269,0.07381700196999248,1.0549687744483829,0.9727808941041755,0.00390865325116484,0.011712918955287836,0.3337044562577004,0,0,32b856f3c5c1d3f0303e83b803484bfaf9e5d1a7b3b04772a398cd228ac2f0f0
INTC,recorded feed,call,10000,256,0.8669876014875795,0.865651609617089,0.016611133521708094,0.010384864210472923,1.5995523085372754,"[1.2399634778140918, 2.0596025727851086]",37862783,26436729,2.290884850213349,0.12832972650890478,0.10270519868482525,1.0043205886501554,0.9922200165437295,-0.001335991870490513,0.008385731945676293,-0.1593172640319554,0,0,32b856f3c5c1d3f0303e83b803484bfaf9e5d1a7b3b04772a398cd228ac2f0f0
INTC,recorded feed,call,10200,256,0.21796249124524877,0.21456979359761674,0.005806405725884178,0.005012040119026484,1.158491470138509,"[0.8742816977569684, 1.5079462444867338]",37862783,26436729,1.6591958536627334,0.07536757165715703,0.07306629893785378,1.0110419299499742,0.9689249962682052,-0.003392697647632021,0.004994088096612363,-0.6793427712925985,0,0,32b856f3c5c1d3f0303e83b803484bfaf9e5d1a7b3b04772a398cd228ac2f0f0
INTC,recorded feed,put,9800,256,0.20911237207174313,0.2005707928566876,0.0058207882438864695,0.003999479845847414,1.455386317280755,"[1.0729115433437832, 2.0438774243930378]",37862783,26436729,2.0844097737042424,0.0735888351441515,0.06567218152907815,1.036761763408749,0.962986753562163,-0.008541579215055514,0.004777487241416264,-1.787881114785228,0,0,32b856f3c5c1d3f0303e83b803484bfaf9e5d1a7b3b04772a398cd228ac2f0f0
INTC,recorded feed,put,10000,256,0.8804035723788621,0.8666173480421513,0.019049240166671724,0.009001761325725102,2.1161681005952784,"[1.7009472394361187, 2.7109884910203927]",37862783,26436729,3.0307839364076092,0.12641901864924904,0.09547723247292306,1.091758077858402,0.9937197580531028,-0.013786224336710881,0.008266237969784061,-1.6677749161231827,0,0,32b856f3c5c1d3f0303e83b803484bfaf9e5d1a7b3b04772a398cd228ac2f0f0
INTC,recorded feed,put,10200,256,2.4123784621365316,2.3965355320226793,0.033828693473884855,0.003894746723487771,8.685723585021991,"[6.887144457274629, 11.229265793522332]",37862783,26436729,12.439726083271108,0.17458194774658262,0.06510623337899431,1.0535211967180786,0.9585550061556212,-0.015842930113852384,0.01152849172365128,-1.3742413572930636,0,0,32b856f3c5c1d3f0303e83b803484bfaf9e5d1a7b3b04772a398cd228ac2f0f0
MSFT,recorded feed,call,9800,256,10.002374957208573,10.017493379606165,0.22500479914938018,0.007751774745111896,29.02623032116141,"[21.17823043109486, 39.51279650827795]",36980176,25556790,42.00038838575132,0.4459880877821169,0.08703161467989426,1.063586048014905,1.0116342656632367,0.015118422397593555,0.029543736628705342,0.5117302048686747,0,0,7fc46705bbacfa9ed21a1dbd552e9aa88959bafd8394c97813aad661c2717a24
MSFT,recorded feed,call,10000,256,1.9875127545594853,1.9829429369002458,0.08435197841691232,0.04857346002447856,1.7365857481514226,"[1.3429350321542788, 2.22733766145244]",36980176,25556790,2.512805661655133,0.2841574289524619,0.22339299125272524,1.0220887825626204,0.9865747063399334,-0.004569817659239795,0.018397954367213244,-0.24838727002082406,0,0,7fc46705bbacfa9ed21a1dbd552e9aa88959bafd8394c97813aad661c2717a24
MSFT,recorded feed,call,10200,256,0.11395499888712421,0.11198212611522355,0.007845340014968097,0.007603564721085839,1.0317976242395595,"[0.7493053479347305, 1.3815077044241337]",36980176,25556790,1.492991011029193,0.08481394887442084,0.08665165602784063,1.0443320372174112,1.0063099258432724,-0.0019728727719006507,0.0055834316131456035,-0.3533441275175161,3,4,7fc46705bbacfa9ed21a1dbd552e9aa88959bafd8394c97813aad661c2717a24
MSFT,recorded feed,put,9800,256,0.11025638281313754,0.101866799097005,0.009849832838349133,0.006389500030929361,1.5415655044478436,"[0.901805362797672, 2.7386130714820407]",36980176,25556790,2.230615177806369,0.09833318313790942,0.07956074969140105,1.0092861929975576,1.0046957647446615,-0.008389583716132538,0.00634639719737874,-1.3219443182027273,9,7,7fc46705bbacfa9ed21a1dbd552e9aa88959bafd8394c97813aad661c2717a24
MSFT,recorded feed,put,10000,256,2.011847514564051,1.9837696907910851,0.09582916793554913,0.045628545338205005,2.100202126218363,"[1.6405580559087232, 2.6835013330469604]",36980176,25556790,3.038951459206312,0.2874993036082967,0.21660847065566086,1.0767430112031038,0.9861497652153592,-0.028077823772965985,0.018693118372437024,-1.502040655472802,0,0,7fc46705bbacfa9ed21a1dbd552e9aa88959bafd8394c97813aad661c2717a24
MSFT,recorded feed,put,10200,256,10.054743093291691,10.029262214406062,0.22644916256390055,0.006302669433632047,35.92908765856127,"[26.223004774728572, 49.08742982233608]",36980176,25556790,51.988688138573885,0.44800580463342876,0.0795312529989322,1.0621888016323173,0.9982158008166364,-0.02548087888562691,0.02990133277518814,-0.8521653224357517,0,0,7fc46705bbacfa9ed21a1dbd552e9aa88959bafd8394c97813aad661c2717a24
MU,recorded feed,call,9800,256,21.900113556291828,21.94806376984301,2.7575564960099395,0.37873098139880623,7.281042828408627,"[5.6003372651643275, 9.652741472320846]",37803218,26378244,10.434616091566518,1.5804428183789025,0.6302390335867055,1.0507113463077544,0.9764727297213165,0.04795021355118498,0.10494817587166065,0.45689420662082286,0,0,dc43be051f7e43d97264da9f3caa5de0a05c886feaa609424becbe698f2edf33
MU,recorded feed,call,10000,256,7.712519606008092,7.702126927097667,1.2792730114902229,0.8151910590881485,1.5692922502378577,"[1.2214211785322617, 2.0237415471828712]",37803218,26378244,2.248985832470588,1.1355050513004603,0.9059769042322544,0.9960761657599013,0.996580941177087,-0.01039267891042521,0.07446982361506457,-0.13955557306198405,0,0,dc43be051f7e43d97264da9f3caa5de0a05c886feaa609424becbe698f2edf33
MU,recorded feed,call,10200,256,1.8184808982546548,1.7905795779148046,0.42284072076468915,0.3688960150987938,1.1462328229581131,"[0.8659522310427611, 1.5072089192259654]",37803218,26378244,1.6426904416018349,0.6423943166200806,0.6238033879925552,1.0122474985426357,0.9736531041607808,-0.02790132033985027,0.04278059343230749,-0.652195729449126,0,0,dc43be051f7e43d97264da9f3caa5de0a05c886feaa609424becbe698f2edf33
MU,recorded feed,put,9800,256,1.7425171058144493,1.6688017804940234,0.4346183276402173,0.2942225915055802,1.4771752414259267,"[1.062259269949918, 2.050212036445785]",37803218,26378244,2.1169710036735934,0.6313481340409426,0.5609719238847101,1.044203433577259,0.9669341134943749,-0.07371532532042588,0.04103589426294258,-1.7963621030916443,0,0,dc43be051f7e43d97264da9f3caa5de0a05c886feaa609424becbe698f2edf33
MU,recorded feed,put,10000,256,7.843441094130714,7.711382876348678,1.51437453639078,0.711054597123263,2.1297584496570794,"[1.6989526519444564, 2.7589863471679177]",37803218,26378244,3.0522017674765842,1.1218194460985986,0.8447008315077471,1.0969673090766625,0.9982712244616923,-0.13205821778203594,0.07309206134619502,-1.8067381785355894,0,0,dc43be051f7e43d97264da9f3caa5de0a05c886feaa609424becbe698f2edf33
MU,recorded feed,put,10200,256,22.237920324977278,22.088353465765813,2.748200395263689,0.2870418068731217,9.574216471116522,"[7.369855133628368, 12.524455081827739]",37803218,26378244,13.72101161990952,1.5646158173854685,0.5558929102075657,1.0595378665577386,0.9637878397708434,-0.149566859211461,0.10336441313769375,-1.4469860048662986,0,0,dc43be051f7e43d97264da9f3caa5de0a05c886feaa609424becbe698f2edf33
NVDA,recorded feed,call,9800,256,4.479729702649749,4.487161759991983,0.04571837167010569,0.0010556749603831675,43.30724265119612,"[32.817213476738615, 58.829890843694464]",37011140,25587773,62.64126310552273,0.20074120090311418,0.031926233170264114,1.0651453090283685,1.0176945040455934,0.007432057342232717,0.013373659721841735,0.5557235264551221,0,0,1412a29d269c9678cee9ef00334d68794488a6d4b8701d67cf26f6ef1fe9489a
NVDA,recorded feed,call,10000,256,0.9051263785026509,0.9029542553632643,0.016139681738980623,0.009286208144395902,1.7380271352974892,"[1.3640988107356729, 2.2352129177276043]",37011140,25587773,2.5139493627794147,0.12536749781091727,0.09608009492168425,1.0133571248395359,1.0029650128602845,-0.0021721231393864193,0.008172150173392376,-0.26579579343250614,0,0,1412a29d269c9678cee9ef00334d68794488a6d4b8701d67cf26f6ef1fe9489a
NVDA,recorded feed,call,10200,256,0.04408577439045492,0.04289349286338791,0.0010430124628465196,0.0010367121952208078,1.0060771616797368,"[0.7505965141676332, 1.369357973624589]",37011140,25587773,1.4552287407634643,0.031671270196297466,0.031781802528087995,1.0197160793774827,1.013095948982881,-0.0011922815270670173,0.0020876513158961736,-0.571111429379289,5,2,1412a29d269c9678cee9ef00334d68794488a6d4b8701d67cf26f6ef1fe9489a
NVDA,recorded feed,put,9800,256,0.04169365659345736,0.03849850462478436,0.0011998384886360977,0.0008680299677095944,1.3822546839045449,"[0.9299698372956383, 2.2086723472084877]",37011140,25587773,1.9993463917960683,0.03401354306665908,0.029037624204978754,1.018379202346288,1.014626682200892,-0.003195151968673004,0.0021598720002550093,-1.4793246860442482,7,4,1412a29d269c9678cee9ef00334d68794488a6d4b8701d67cf26f6ef1fe9489a
NVDA,recorded feed,put,10000,256,0.9160363022463593,0.9032369697960672,0.018526744629599426,0.008759667886573914,2.1150053711506196,"[1.6830308437592156, 2.6462253624963035]",37011140,25587773,3.0592251968316093,0.12536846035176008,0.09323754171371515,1.085703568603632,1.0038134394142426,-0.012799332450292132,0.008137832670829761,-1.5728183372670734,0,0,1412a29d269c9678cee9ef00334d68794488a6d4b8701d67cf26f6ef1fe9489a
NVDA,recorded feed,put,10200,256,4.503941667934164,4.49212217709619,0.045651025039084005,0.0008561121413660512,53.32365099534878,"[40.56256983381775, 72.3827902621824]",37011140,25587773,77.12938176761193,0.2006665734165748,0.02899592127196337,1.0647563334482,1.0090865468956793,-0.0118194908379727,0.0133653872990086,-0.8843358275782573,0,0,1412a29d269c9678cee9ef00334d68794488a6d4b8701d67cf26f6ef1fe9489a
SNDK,recorded feed,call,9800,256,41.68417036411567,41.75431677210793,13.687683065896568,2.9285191946851734,4.673926362080083,"[3.6172996978545746, 6.115952246480076]",38234948,26808392,6.666096624145198,3.564840792458705,1.7404625764034936,1.0378266808926844,0.9832395694953721,0.07014640799224803,0.2376379150042837,0.2951818862363927,0,0,6be89efa6af63848a9f433e1f78ab0c9b40cadd9d020bacdcebc0e1c658be39d
SNDK,recorded feed,call,10000,256,18.286643449620726,18.26322072347469,7.241166358481239,4.702669557342564,1.5397991013795909,"[1.1896349834384483, 1.9714652981609815]",38234948,26808392,2.196108538389598,2.720180984892731,2.176151869607799,0.9892509184091691,0.9965131428751529,-0.02342272614603917,0.1782226240856788,-0.131423977546077,0,0,6be89efa6af63848a9f433e1f78ab0c9b40cadd9d020bacdcebc0e1c658be39d
SNDK,recorded feed,call,10200,256,6.364164787797607,6.307025901754586,3.2870163765113083,2.8291810301042486,1.1618261049877707,"[0.8934954370615585, 1.5001337372126824]",38234948,26808392,1.6570318991623947,1.8128368203427214,1.7158846866481754,1.0000972207681893,0.980262232110321,-0.05713888604302081,0.11915592454074724,-0.4795303822554058,0,0,6be89efa6af63848a9f433e1f78ab0c9b40cadd9d020bacdcebc0e1c658be39d
SNDK,recorded feed,put,9800,256,6.161991491197766,5.937151220528062,3.215116513640736,2.20320644042766,1.4592897218549599,"[1.1217444532205803, 1.9255243099548445]",38234948,26808392,2.0812836007493045,1.696997874889852,1.517183968794025,1.0566157002513592,0.9783389656371785,-0.22484027066970372,0.10959797121101143,-2.0515002986397777,0,0,6be89efa6af63848a9f433e1f78ab0c9b40cadd9d020bacdcebc0e1c658be39d
SNDK,recorded feed,put,10000,256,18.610876576702815,18.29246717189482,8.350395022504575,3.8945878757761316,2.144102351481919,"[1.7101184176070052, 2.7434734233967757]",38234948,26808392,3.0579843026612297,2.6237866968528474,1.9729558368005515,1.1013490576825757,1.0002611236750187,-0.318409404807991,0.17120341758344287,-1.8598308918266855,0,0,6be89efa6af63848a9f433e1f78ab0c9b40cadd9d020bacdcebc0e1c658be39d
SNDK,recorded feed,put,10200,256,42.534809914879695,42.182684350174725,13.847113882233048,2.1268824000032502,6.5105216358985745,"[5.1726677559833565, 8.32473405052211]",38234948,26808392,9.285504934479357,3.4758784302965986,1.4957171321622484,1.0705699612442057,0.9750396363744054,-0.3521255647049726,0.22853226085054087,-1.540813377483108,0,0,6be89efa6af63848a9f433e1f78ab0c9b40cadd9d020bacdcebc0e1c658be39d
SPY,recorded feed,call,9800,256,15.233573152845103,15.244995329119241,0.1862574576826176,0.0010028254387402632,185.73268136934368,"[121.90441812447092, 303.91537128317776]",36324645,24900409,270.9463011486889,0.4098643332318066,0.03160357508705851,1.052971721863192,1.0020201547452638,0.01142217627413726,0.026872647658236472,0.4250484142613451,0,0,55be4e34f1528ad02b420a506948dd40a33f45a4f97aeaf9994c3ae199b40244
SPY,recorded feed,call,10000,256,1.7472727495816953,1.7412638819822595,0.06527092858558337,0.038096703948784276,1.7132959500467824,"[1.335430915747538, 2.1646663799796024]",36324645,24900409,2.4993512020379707,0.2493482438928418,0.19633914753645826,1.0245981838278972,0.9941153974380986,-0.006008867599435931,0.015956022223840648,-0.3765893225228652,0,0,55be4e34f1528ad02b420a506948dd40a33f45a4f97aeaf9994c3ae199b40244
SPY,recorded feed,call,10200,256,0.014567554362736441,0.016160238649166533,0.0008749424847545759,0.0009834937787941702,0.889626862538281,"[0.5956452157831241, 1.251622356589958]",36324645,24900409,1.297785107231245,0.028411801858916785,0.03144020925905529,1.0410964732654164,0.9974712354798271,0.0015926842864300932,0.001708117588148867,0.9324207522247506,157,152,55be4e34f1528ad02b420a506948dd40a33f45a4f97aeaf9994c3ae199b40244
SPY,recorded feed,put,9800,256,0.01799871144248541,0.014320965151551329,0.0024233600599605954,0.0008059259782045515,3.0069263499352346,"[0.7917549263918132, 7.9723627674742366]",36324645,24900409,4.3864955070634855,0.04870854557193545,0.028592671546390974,1.0106570530195025,0.9928710370380573,-0.0036777462909340797,0.0032032156340424138,-1.1481419645460504,153,160,55be4e34f1528ad02b420a506948dd40a33f45a4f97aeaf9994c3ae199b40244
SPY,recorded feed,put,10000,256,1.7627141819790766,1.741605391814569,0.07197862438660489,0.03679986073323194,1.9559482822065395,"[1.5178550029070985, 2.5612307381948494]",36324645,24900409,2.8533317259773674,0.25378135137463453,0.19311010163099362,1.0571632698233326,0.9933861373530031,-0.021108790164507337,0.016304046207780594,-1.2946964143436879,0,0,55be4e34f1528ad02b420a506948dd40a33f45a4f97aeaf9994c3ae199b40244
SPY,recorded feed,put,10200,256,15.261024860560116,15.247517622281476,0.19086107569571173,0.0008057776717582215,236.86567943642495,"[152.18374840026638, 391.32034111744673]",36324645,24900409,345.5389715972913,0.41273106689945516,0.02873915938151611,1.0585016113397525,0.9877193308653722,-0.013507238278641323,0.027410964118888284,-0.49276771951752646,0,0,55be4e34f1528ad02b420a506948dd40a33f45a4f97aeaf9994c3ae199b40244
TSLA,recorded feed,call,9800,256,7.433542201026822,7.447419617497989,0.18783555305108116,0.008690716818409175,21.613355604131193,"[16.331610928248605, 28.76636296840889]",37324023,25899608,31.14708846851163,0.40711289891784774,0.09431640727053472,1.0645695411156864,0.9884177829734644,0.013877416471167525,0.02689488551538435,0.5159871925548595,0,0,d6ffd8194379db8eab8d90862b4a87a568cffd647466a25360834d0d85ca1594
TSLA,recorded feed,call,10000,256,1.8957984725661277,1.8911740016108738,0.0723403120823185,0.04128139785782591,1.752370700514072,"[1.353626253566542, 2.296647197327723]",37324023,25899608,2.5253480411948064,0.2643065802460078,0.2035893093162114,1.017611985377865,0.9979808973166364,-0.004624470955253646,0.01717984302044138,-0.26918004720713884,0,0,d6ffd8194379db8eab8d90862b4a87a568cffd647466a25360834d0d85ca1594
TSLA,recorded feed,call,10200,256,0.1922926349593561,0.18804593249801618,0.009212071687186135,0.008464656578428166,1.0882983381349134,"[0.8325355359822297, 1.4283759693177522]",37324023,25899608,1.568350849302788,0.09522125500072157,0.09372560353124827,1.0079633780921593,0.9816268428844953,-0.004246702461339924,0.0061813277466494405,-0.6870210795151299,0,0,d6ffd8194379db8eab8d90862b4a87a568cffd647466a25360834d0d85ca1594
TSLA,recorded feed,put,9800,256,0.17949048416586721,0.17215164235232558,0.009751245743538514,0.007176810600384834,1.3587157703472952,"[0.9941038452154417, 1.9638442888939922]",37324023,25899608,1.9580504331534734,0.09538841235879646,0.08607377561510401,1.035224234421222,0.9842261256353814,-0.007338841813541664,0.006040862273826144,-1.214866600309596,0,0,d6ffd8194379db8eab8d90862b4a87a568cffd647466a25360834d0d85ca1594
TSLA,recorded feed,put,10000,256,1.9177467555051728,1.8919060262652099,0.08076944071102715,0.038307092178210905,2.108472246738917,"[1.6674712412245263, 2.7022523057831633]",37324023,25899608,3.038527325670142,0.2628460403296715,0.19593995282795537,1.0812399875964396,0.9988875362739518,-0.025840729239962855,0.0170550280125714,-1.5151384812100834,0,0,d6ffd8194379db8eab8d90862b4a87a568cffd647466a25360834d0d85ca1594
TSLA,recorded feed,put,10200,256,7.490240917698402,7.464777956952352,0.18273269017695953,0.006995736455398288,26.120579490377043,"[19.80171923611232, 34.43302314865122]",37324023,25899608,37.642465850145726,0.4051501732162158,0.08565078275200606,1.055096287803293,0.9765295369479091,-0.025462960746049125,0.026952581827254418,-0.9447317852236705,0,0,d6ffd8194379db8eab8d90862b4a87a568cffd647466a25360834d0d85ca1594
USO,recorded feed,call,9800,256,3.0989285780037927,3.103606178955999,0.01909555600486711,0.00015929712666410813,119.87382575413147,"[89.55924846229092, 159.04826250681262]",36956908,25532678,173.50964712763258,0.12998732072478994,0.012556720715433874,1.0630780763455143,1.0051427310082581,0.004677600952206195,0.008645024309125915,0.5410743550215811,0,0,324b6c28ad34569c40d7216aae3e2ef5635918174c2c088247482f5d8e2cf47a
USO,recorded feed,call,10000,256,0.5890871850679529,0.587323881581536,0.006276156623551388,0.0034995135329165296,1.7934368775881762,"[1.3791711526231225, 2.309607740737386]",36956908,25532678,2.5958844461530237,0.07851598089850263,0.05834119349878891,1.0089945624945234,1.013977992961338,-0.0017633034864168375,0.0050839171510501,-0.34683954006855156,0,0,324b6c28ad34569c40d7216aae3e2ef5635918174c2c088247482f5d8e2cf47a
USO,recorded feed,call,10200,256,0.015501484334684377,0.01472465259273116,0.00015522260165494583,0.0001563705705884099,0.992658663780887,"[0.7651620530625428, 1.2878488357755726]",36956908,25532678,1.436809523574189,0.012834005344217173,0.012480877720879255,0.9707675783199425,1.0019184686499094,-0.0007768317419532168,0.0007803602891225009,-0.9954783101876546,12,14,324b6c28ad34569c40d7216aae3e2ef5635918174c2c088247482f5d8e2cf47a
USO,recorded feed,put,9800,256,0.013559094482088078,0.012879390585700354,0.0001423613865319906,0.0001286613675015299,1.1064812172954543,"[0.8583288277746445, 1.4671645124322228]",36956908,25532678,1.6015603436238106,0.011839392060245925,0.011310292542107357,1.0077822436952097,1.0028829394783751,-0.0006797038963877262,0.0007533254297175788,-0.9022712755661876,21,17,324b6c28ad34569c40d7216aae3e2ef5635918174c2c088247482f5d8e2cf47a
USO,recorded feed,put,10000,256,0.594570701546248,0.5874500932112373,0.007101004962743427,0.0033297610829726852,2.13258692915106,"[1.7280677235266004, 2.649426913791587]",36956908,25532678,3.086782316474529,0.07787158313077266,0.056875444440330804,1.0821336550459097,1.0145693382836243,-0.00712060833501078,0.0050288872440919065,-1.415941139538631,0,0,324b6c28ad34569c40d7216aae3e2ef5635918174c2c088247482f5d8e2cf47a
USO,recorded feed,put,10200,256,3.1118380008129796,3.1057038642224324,0.01896577374369442,0.00012785399184842938,148.33931635218948,"[111.4629079350479, 197.34120048405774]",36956908,25532678,214.7116125935071,0.12951886396866646,0.011319907165600477,1.0632912894623308,0.998882215441846,-0.006134136590547162,0.008605785642524809,-0.7127921662649614,0,0,324b6c28ad34569c40d7216aae3e2ef5635918174c2c088247482f5d8e2cf47a
CONSTANT,stress,call,9800,256,2.0074333657291614,2.010202287009432,0.009218417517026614,6.969653238274506e-05,132.26508122961997,"[101.08685163645164, 177.63816419413314]",37092148,25668972,191.1255335118635,0.09085725438542483,0.00833385074816412,1.056741050104846,1.0017511904552696,0.002768921280270474,0.005988566568067729,0.46236795546949966,0,0,a62d8da2b39ca869a5967a66f7e99b1264b97cbb3ebe5d1e297046db0c323c49
CONSTANT,stress,call,10000,256,0.4191884262343706,0.417986257474411,0.002908141838578589,0.001670210291101576,1.741183043879189,"[1.3595708276167549, 2.2395346011777746]",37092148,25668972,2.516042292564633,0.0544990896261537,0.039670996325789215,0.9895062565294641,1.0301784715614293,-0.001202168759959653,0.003525857546897588,-0.3409578362056756,0,0,a62d8da2b39ca869a5967a66f7e99b1264b97cbb3ebe5d1e297046db0c323c49
CONSTANT,stress,call,10200,256,0.012165812874453322,0.011825841259790974,5.954512732286002e-05,6.79829885518096e-05,0.8758827552495855,"[0.705226407313104, 1.0999907516439404]",37092148,25668972,1.2656670780725228,0.008498341413851944,0.00826904848503855,0.9080064626647383,0.9971134805994041,-0.00033997161466234755,0.0005144018238147232,-0.6609067054645558,5,5,a62d8da2b39ca869a5967a66f7e99b1264b97cbb3ebe5d1e297046db0c323c49
CONSTANT,stress,put,9800,256,0.010488865163003526,0.010288510300651931,5.686122079856892e-05,5.5270514971774314e-05,1.0287803692005937,"[0.8138138231082369, 1.311595408338081]",37092148,25668972,1.4866070099684188,0.007530732360705551,0.0074558793524537184,1.0013153563055097,0.9971210477639131,-0.00020035486235159283,0.0004759423009494164,-0.42096460422181875,9,6,a62d8da2b39ca869a5967a66f7e99b1264b97cbb3ebe5d1e297046db0c323c49
CONSTANT,stress,put,10000,256,0.4222439256682125,0.41807248076563075,0.0034296728416815603,0.0015838020100265185,2.1654681708758123,"[1.7449178949788935, 2.6767264218960354]",37092148,25668972,3.129142292235736,0.0539335611231131,0.038617273503576535,1.0858435361414747,1.030549452441761,-0.004171444902581726,0.003505274547525439,-1.1900479822690557,0,0,a62d8da2b39ca869a5967a66f7e99b1264b97cbb3ebe5d1e297046db0c323c49
CONSTANT,stress,put,10200,256,2.015221312308295,2.011912064551011,0.00914120416743281,5.465643737413142e-05,167.2484451348322,"[126.7833419742057, 221.27565772818085]",37092148,25668972,241.67715324599192,0.09047435946967708,0.007453618403715025,1.056759564821141,0.9918671460346979,-0.0033092477572844083,0.005998208891047008,-0.5517059871362312,0,0,a62d8da2b39ca869a5967a66f7e99b1264b97cbb3ebe5d1e297046db0c323c49
PERSISTENT,stress,call,9800,256,2.0206442812097576,2.0228210313307975,0.006621687650873278,0.0008195855194759065,8.079312644649448,"[5.620656108178582, 12.507283122471597]",36528607,25100057,11.757982717988662,0.07597510810993763,0.02885349393146338,1.0710580723339147,0.99219886977704,0.002176750121039641,0.004939984708983943,0.4406390402547127,0,0,9cdd8bfe6b832797cd6ca5d840ffebed8bbd12c09f17e79455b0140be0f14375
PERSISTENT,stress,call,10000,256,0.2969908184421014,0.2978666065531515,0.0032711219515835677,0.0021115081768519855,1.549187442153519,"[1.2147424026742704, 2.0312748498620925]",36528607,25100057,2.254562977437108,0.05409939285868893,0.04867743080905659,1.0571971326551826,0.9439929169063875,0.0008757881110501083,0.0033952094718261833,0.25794818208346,0,0,9cdd8bfe6b832797cd6ca5d840ffebed8bbd12c09f17e79455b0140be0f14375
PERSISTENT,stress,call,10200,256,0.023773405532252215,0.02455825502350245,0.0007831679154244146,0.0008080283406053422,0.9692332261981019,"[0.6885290031266568, 1.3024741263346031]",36528607,25100057,1.410544191637994,0.026854932790743854,0.028742737445418793,1.0420855498072343,0.9889746711224137,0.0007848494912502395,0.001676949102659903,0.4680222494560781,17,24,9cdd8bfe6b832797cd6ca5d840ffebed8bbd12c09f17e79455b0140be0f14375
PERSISTENT,stress,put,9800,256,0.026222173121395347,0.024404838257646805,0.0013851517726074134,0.0008574578047619887,1.61541683440843,"[0.6114139083328941, 3.6696343780681473]",36528607,25100057,2.3509479155879855,0.03740832129608213,0.03049791502544053,0.9949023609311187,0.9601436827602077,-0.0018173348637485391,0.0026096138313269554,-0.6963999201462109,22,24,9cdd8bfe6b832797cd6ca5d840ffebed8bbd12c09f17e79455b0140be0f14375
PERSISTENT,stress,put,10000,256,0.302568710353739,0.2994504134800009,0.003893763513981983,0.0021404832445981277,1.8191048791475268,"[1.1408082705138953, 2.9464158152882076]",36528607,25100057,2.6473791363168018,0.06058678891714751,0.04988833857989827,1.0299279640357348,0.9273781843309973,-0.003118296873738073,0.004078325369296035,-0.7646022794587196,0,0,9cdd8bfe6b832797cd6ca5d840ffebed8bbd12c09f17e79455b0140be0f14375
PERSISTENT,stress,put,10200,256,2.0293512974438896,2.0261420619503516,0.0072365809030072465,0.0009089623224298182,7.961365091198254,"[4.553747398695358, 14.841197790907591]",36528607,25100057,11.586331321873102,0.08077730972428586,0.03143836796110711,1.0531187034159246,0.9589875037764688,-0.0032092354935379184,0.005587077195483291,-0.5744032848037844,0,0,9cdd8bfe6b832797cd6ca5d840ffebed8bbd12c09f17e79455b0140be0f14375
HIGH_VOL,stress,call,9800,256,5.02103283250702,5.008338761820671,0.4511194494780087,0.23015821012055812,1.9600406574317286,"[1.5088341365962867, 2.580620191449675]",40744533,29319098,2.7238539619489237,0.6550762498641299,0.4821576951759356,1.025306998216821,0.9950024115111068,-0.01269407068634875,0.04265502876601918,-0.2975984556470722,0,0,de897bd715a9ecd3e4f6dfb3d7c82e485c1897f76d91e522ac60841c0d493378
HIGH_VOL,stress,call,10000,256,3.9864578397935473,3.970915423093465,0.37512361010829987,0.23398132779713166,1.6032202810368805,"[1.2428564648861602, 2.084469092549052]",40744533,29319098,2.2279833317851887,0.6014102373633345,0.4865326577484461,1.0183952925311743,0.9942110910642902,-0.01554241670008202,0.03895799870932873,-0.3989531601981468,0,0,de897bd715a9ecd3e4f6dfb3d7c82e485c1897f76d91e522ac60841c0d493378
HIGH_VOL,stress,call,10200,256,3.121066813548531,3.1053529922112815,0.3059074288768369,0.21935354489867212,1.3945862102121367,"[1.0797925409869922, 1.8154926612499047]",40744533,29319098,1.938046111218474,0.5469698490305619,0.47147055678510086,1.0111873427542342,0.9933853531421224,-0.01571382133724984,0.03514618500234422,-0.4470989194474945,0,0,de897bd715a9ecd3e4f6dfb3d7c82e485c1897f76d91e522ac60841c0d493378
HIGH_VOL,stress,put,9800,256,3.0603655156014895,3.020177500677354,0.23016821463269593,0.12837034810203013,1.793001405976992,"[1.4436682131672156, 2.2501309557342233]",40744533,29319098,2.491720753308166,0.45269433139718857,0.35945239992203354,1.0597846336490693,0.9967608502354893,-0.04018801492413511,0.02869205092000149,-1.4006672104474651,0,0,de897bd715a9ecd3e4f6dfb3d7c82e485c1897f76d91e522ac60841c0d493378
HIGH_VOL,stress,put,10000,256,4.025790522888016,3.982754161950148,0.29817358909973374,0.1324354070941403,2.2514642846816653,"[1.8009086584957072, 2.8484669893822288]",40744533,29319098,3.1288432149424756,0.5115449429669955,0.3648289682873304,1.067457986305205,0.9974996233900422,-0.0430363609378684,0.03283790618509394,-1.3105695806331228,0,0,de897bd715a9ecd3e4f6dfb3d7c82e485c1897f76d91e522ac60841c0d493378
HIGH_VOL,stress,put,10200,256,5.1603994966430005,5.117191731067964,0.369984068801668,0.12003074197514703,3.0824109116835676,"[2.4509411966920482, 3.9352287450216488]",40744533,29319098,4.283603578481548,0.5685715959216591,0.3482646341131104,1.0698092586536883,0.9948025063573633,-0.04320776557503621,0.03687166150626379,-1.171842108815629,0,0,de897bd715a9ecd3e4f6dfb3d7c82e485c1897f76d91e522ac60841c0d493378
ZERO_START,stress,call,9800,256,2.513111220725171,2.514228258301601,0.057192765085326024,0.014000516835630085,4.08504669911724,"[3.1591915218557403, 5.256743855393027]",39677307,27711607,5.848944523145532,0.23198008705378811,0.11680279978024827,1.0309078338232258,1.0130217759643427,0.001117037576430292,0.015461914725810955,0.07224445330600573,0,0,37696bca1df810013a4a7121b0c0c7620378f4fe02590c4415675b9e5ae7a2d1
ZERO_START,stress,call,10000,256,1.2801539461446136,1.2772843162116998,0.032279676959070816,0.0208157222333895,1.550735381513332,"[1.209590489854579, 1.9653767356418872]",39677307,27711607,2.220333299619419,0.18003808326668228,0.13941000487952768,0.9979303000085172,1.0349081321971396,-0.0028696299329139738,0.011849079294386888,-0.24218168024863895,0,0,37696bca1df810013a4a7121b0c0c7620378f4fe02590c4415675b9e5ae7a2d1
ZERO_START,stress,call,10200,256,0.5478393914180223,0.5439372019043651,0.015873500407692257,0.01338083800421317,1.1862859712294724,"[0.9347398081590169, 1.4973047231303978]",39677307,27711607,1.6985168947533409,0.12469688867003577,0.11452245628853823,1.0103706831518229,1.0100689065763102,-0.0039021895136571493,0.008340286047701661,-0.46787238367351663,0,0,37696bca1df810013a4a7121b0c0c7620378f4fe02590c4415675b9e5ae7a2d1
ZERO_START,stress,put,9800,256,0.5319779826531564,0.5155249248583811,0.015904340233670138,0.010805444939807111,1.4718820300567879,"[1.1914674347486978, 1.8367599456595765]",39677307,27711607,2.107431560152625,0.11533743731623038,0.10209027830778242,1.0934213039178107,1.0182090190660937,-0.016453057794775405,0.007545934463494355,-2.1803870513813552,0,0,37696bca1df810013a4a7121b0c0c7620378f4fe02590c4415675b9e5ae7a2d1
ZERO_START,stress,put,10000,256,1.2990207080725995,1.2785809827684798,0.037052608442789715,0.01714788746595083,2.160768113061278,"[1.756940130231821, 2.6719728945945804]",39677307,27711607,3.0937743804515936,0.1720436698609075,0.12551029128336136,1.1188469842167328,1.0433402811612331,-0.020439725304119694,0.011410518926031432,-1.7913054994799094,0,0,37696bca1df810013a4a7121b0c0c7620378f4fe02590c4415675b9e5ae7a2d1
ZERO_START,stress,put,10200,256,2.566706153346008,2.545233868461145,0.05889320333122279,0.010268967758985944,5.735065559991442,"[4.60076557364952, 7.196828191156187]",39677307,27711607,8.211431292631545,0.22464405555868647,0.09984901676148229,1.080283288110212,1.0148914704550802,-0.021472284884862844,0.014818854236803486,-1.4489841482842294,0,0,37696bca1df810013a4a7121b0c0c7620378f4fe02590c4415675b9e5ae7a2d1
